observation_date,GVZCLS
2020-01-02,12.70
2020-01-03,13.46
2020-01-06,14.21
2020-01-07,14.01
2020-01-08,13.67
2020-01-09,12.54
2020-01-10,12.27
2020-01-13,10.91
2020-01-14,11.02
2020-01-15,11.75
2020-01-16,11.38
2020-01-17,11.31
2020-01-20,
2020-01-21,11.48
2020-01-22,11.16
2020-01-23,11.61
2020-01-24,12.48
2020-01-27,12.90
2020-01-28,11.89
2020-01-29,12.09
2020-01-30,12.23
2020-01-31,13.50
2020-02-03,12.48
2020-02-04,12.01
2020-02-05,11.32
2020-02-06,11.45
2020-02-07,11.30
2020-02-10,11.91
2020-02-11,11.48
2020-02-12,11.07
2020-02-13,11.59
2020-02-14,11.62
2020-02-17,
2020-02-18,13.02
2020-02-19,13.34
2020-02-20,13.35
2020-02-21,15.79
2020-02-24,17.58
2020-02-25,18.13
2020-02-26,16.48
2020-02-27,18.05
2020-02-28,21.27
2020-03-02,18.98
2020-03-03,22.01
2020-03-04,18.55
2020-03-05,22.43
2020-03-06,25.12
2020-03-09,31.29
2020-03-10,23.99
2020-03-11,26.74
2020-03-12,30.18
2020-03-13,37.43
2020-03-16,41.43
2020-03-17,45.27
2020-03-18,48.98
2020-03-19,39.48
2020-03-20,36.81
2020-03-23,41.16
2020-03-24,40.41
2020-03-25,40.56
2020-03-26,37.48
2020-03-27,34.89
2020-03-30,30.42
2020-03-31,29.19
2020-04-01,30.26
2020-04-02,31.91
2020-04-03,31.85
2020-04-06,35.76
2020-04-07,34.27
2020-04-08,29.98
2020-04-09,27.59
2020-04-10,
2020-04-13,28.41
2020-04-14,28.87
2020-04-15,27.39
2020-04-16,27.74
2020-04-17,26.96
2020-04-20,28.01
2020-04-21,30.62
2020-04-22,30.44
2020-04-23,30.25
2020-04-24,29.22
2020-04-27,26.75
2020-04-28,24.43
2020-04-29,24.16
2020-04-30,24.24
2020-05-01,24.25
2020-05-04,23.68
2020-05-05,24.97
2020-05-06,24.47
2020-05-07,26.15
2020-05-08,24.89
2020-05-11,23.55
2020-05-12,22.45
2020-05-13,22.71
2020-05-14,24.15
2020-05-15,23.63
2020-05-18,22.81
2020-05-19,21.33
2020-05-20,20.12
2020-05-21,19.74
2020-05-22,18.95
2020-05-25,
2020-05-26,18.57
2020-05-27,18.51
2020-05-28,18.10
2020-05-29,18.15
2020-06-01,18.06
2020-06-02,18.10
2020-06-03,18.47
2020-06-04,18.05
2020-06-05,18.17
2020-06-08,17.94
2020-06-09,19.00
2020-06-10,20.75
2020-06-11,23.04
2020-06-12,20.39
2020-06-15,20.11
2020-06-16,19.29
2020-06-17,18.88
2020-06-18,18.31
2020-06-19,18.27
2020-06-22,19.55
2020-06-23,20.51
2020-06-24,20.01
2020-06-25,19.73
2020-06-26,20.52
2020-06-29,19.26
2020-06-30,19.65
2020-07-01,18.85
2020-07-02,17.70
2020-07-03,
2020-07-06,17.42
2020-07-07,17.37
2020-07-08,17.74
2020-07-09,17.39
2020-07-10,16.64
2020-07-13,16.53
2020-07-14,16.00
2020-07-15,15.36
2020-07-16,15.37
2020-07-17,15.09
2020-07-20,15.30
2020-07-21,16.67
2020-07-22,22.45
2020-07-23,21.99
2020-07-24,21.61
2020-07-27,25.52
2020-07-28,28.96
2020-07-29,26.79
2020-07-30,24.13
2020-07-31,24.46
