observation_date,DCOILWTICO
2025-05-01,60.59
2025-05-02,59.67
2025-05-05,58.50
2025-05-06,60.42
2025-05-07,59.42
2025-05-08,61.25
2025-05-09,62.37
2025-05-12,63.32
2025-05-13,65.04
2025-05-14,64.48
2025-05-15,63.03
2025-05-16,63.84
2025-05-19,63.98
2025-05-20,63.97
2025-05-21,62.93
2025-05-22,62.55
2025-05-23,62.89
2025-05-26,
2025-05-27,61.61
2025-05-28,62.54
2025-05-29,61.66
2025-05-30,61.46
2025-06-02,63.27
2025-06-03,64.10
2025-06-04,63.57
2025-06-05,64.06
2025-06-06,65.30
2025-06-09,65.99
2025-06-10,65.66
2025-06-11,68.91
2025-06-12,68.73
2025-06-13,73.84
2025-06-16,72.53
2025-06-17,75.62
2025-06-18,75.89
2025-06-19,
2025-06-20,75.72
2025-06-23,69.36
2025-06-24,65.45
2025-06-25,65.98
2025-06-26,66.44
2025-06-27,66.66
2025-06-30,66.30
2025-07-01,66.64
2025-07-02,68.66
2025-07-03,68.13
2025-07-04,
2025-07-07,69.16
2025-07-08,69.55
2025-07-09,69.61
2025-07-10,67.78
2025-07-11,69.63
2025-07-14,68.19
2025-07-15,67.76
2025-07-16,67.13
2025-07-17,68.76
2025-07-18,68.53
2025-07-21,68.39
2025-07-22,67.56
2025-07-23,66.05
2025-07-24,67.16
2025-07-25,66.38
2025-07-28,67.81
2025-07-29,70.27
2025-07-30,71.09
2025-07-31,70.36
